source_key,category,source_name,proposed_public_name,public_slug,name_approval_status,reference_brand,reference_fragrance,legal_review_status,counsel_decision,counsel_conditions,evidence_reference
main_list:1,inspired_collection,Bvlgari Tygar,Inspired by Bvlgari Tygar,inspired-by-bvlgari-tygar,listing_title_recorded,Bvlgari,Tygar,india_counsel_pending,,,
main_list:2,inspired_collection,Dior Sauvage,Inspired by Dior Sauvage,inspired-by-dior-sauvage,listing_title_recorded,Dior,Sauvage family,india_counsel_pending,,,
main_list:3,inspired_collection,Afternoon Swim,Inspired by Louis Vuitton Afternoon Swim,inspired-by-louis-vuitton-afternoon-swim,listing_title_recorded,Louis Vuitton,Afternoon Swim,india_counsel_pending,,,
main_list:5,inspired_collection,Creed Aventus,Inspired by Creed Aventus,inspired-by-creed-aventus,listing_title_recorded,Creed,Aventus,india_counsel_pending,,,
main_list:6,inspired_collection,Hawas For Him,Inspired by Rasasi Hawas for Him,inspired-by-rasasi-hawas-for-him,listing_title_recorded,Rasasi,Hawas for Him,india_counsel_pending,,,
main_list:7,inspired_collection,Elysium Roja,Inspired by Roja Parfums Elysium Pour Homme,inspired-by-roja-parfums-elysium-pour-homme,listing_title_recorded,Roja Parfums,Elysium Pour Homme family,india_counsel_pending,,,
main_list:8,inspired_collection,Stronger With You,Inspired by Emporio Armani Stronger With You,inspired-by-emporio-armani-stronger-with-you,listing_title_recorded,Emporio Armani,Stronger With You family,india_counsel_pending,,,
main_list:9,inspired_collection,Hudson Valley,Inspired by Gissah Hudson Valley,inspired-by-gissah-hudson-valley,listing_title_recorded,Gissah,Hudson Valley,india_counsel_pending,,,
main_list:14,inspired_collection,Alexandria II,Inspired by Xerjoff Alexandria II,inspired-by-xerjoff-alexandria-ii,listing_title_recorded,Xerjoff,Alexandria II,india_counsel_pending,,,
main_list:16,inspired_collection,Aurum,Inspired by Ajmal Aurum,inspired-by-ajmal-aurum,listing_title_recorded,Ajmal,Aurum,india_counsel_pending,,,
main_list:17,inspired_collection,Black Afgano,Inspired by Nasomatto Black Afgano,inspired-by-nasomatto-black-afgano,listing_title_recorded,Nasomatto,Black Afgano,india_counsel_pending,,,
main_list:18,inspired_collection,Dunhill Icon,Inspired by Dunhill Icon,inspired-by-dunhill-icon,listing_title_recorded,Dunhill,Icon,india_counsel_pending,,,
main_list:19,inspired_collection,Diptyque Tam Dao,Inspired by Diptyque Tam Dao,inspired-by-diptyque-tam-dao,listing_title_recorded,Diptyque,Tam Dao family,india_counsel_pending,,,
main_list:20,inspired_collection,One Million Lucky,Inspired by Rabanne 1 Million Lucky,inspired-by-rabanne-1-million-lucky,listing_title_recorded,Rabanne,1 Million Lucky,india_counsel_pending,,,
main_list:22,inspired_collection,VIP 212 Men,Inspired by Carolina Herrera 212 VIP Men,inspired-by-carolina-herrera-212-vip-men,listing_title_recorded,Carolina Herrera,212 VIP Men,india_counsel_pending,,,
main_list:23,inspired_collection,Azzaro Most Wanted,Inspired by Azzaro The Most Wanted,inspired-by-azzaro-the-most-wanted,listing_title_recorded,Azzaro,The Most Wanted,india_counsel_pending,,,
main_list:25,inspired_collection,Tom Ford Oud Wood,Inspired by Tom Ford Oud Wood,inspired-by-tom-ford-oud-wood,listing_title_recorded,Tom Ford,Oud Wood,india_counsel_pending,,,
main_list:26,inspired_collection,I Want Choo,Inspired by Jimmy Choo I Want Choo,inspired-by-jimmy-choo-i-want-choo,listing_title_recorded,Jimmy Choo,I Want Choo,india_counsel_pending,,,
main_list:27,inspired_collection,Burberry Her,Inspired by Burberry Her,inspired-by-burberry-her,listing_title_recorded,Burberry,Her family,india_counsel_pending,,,
main_list:28,inspired_collection,1 Million,Inspired by Rabanne 1 Million,inspired-by-rabanne-1-million,listing_title_recorded,Rabanne,1 Million,india_counsel_pending,,,
main_list:29,inspired_collection,Armani Passione,Inspired by Giorgio Armani Sì Passione,inspired-by-giorgio-armani-si-passione,listing_title_recorded,Giorgio Armani,Sì Passione family,india_counsel_pending,,,
main_list:31,inspired_collection,Ultra Male,Inspired by Jean Paul Gaultier Ultra Male,inspired-by-jean-paul-gaultier-ultra-male,listing_title_recorded,Jean Paul Gaultier,Ultra Male,india_counsel_pending,,,
main_list:32,inspired_collection,Gucci Bloom,Inspired by Gucci Bloom,inspired-by-gucci-bloom,listing_title_recorded,Gucci,Bloom family,india_counsel_pending,,,
main_list:33,inspired_collection,Flower Bomb,Inspired by Viktor&Rolf Flowerbomb,inspired-by-viktor-rolf-flowerbomb,listing_title_recorded,Viktor&Rolf,Flowerbomb,india_counsel_pending,,,
main_list:35,inspired_collection,Invictus,Inspired by Rabanne Invictus,inspired-by-rabanne-invictus,listing_title_recorded,Rabanne,Invictus family,india_counsel_pending,,,
main_list:36,inspired_collection,YSL Libre,Inspired by Yves Saint Laurent Libre,inspired-by-yves-saint-laurent-libre,listing_title_recorded,Yves Saint Laurent,Libre family,india_counsel_pending,,,
main_list:37,inspired_collection,Erba Pura,Inspired by Xerjoff Erba Pura,inspired-by-xerjoff-erba-pura,listing_title_recorded,Xerjoff,Erba Pura,india_counsel_pending,,,
main_list:41,inspired_collection,Ombre Nomad,Inspired by Louis Vuitton Ombre Nomade,inspired-by-louis-vuitton-ombre-nomade,listing_title_recorded,Louis Vuitton,Ombre Nomade,india_counsel_pending,,,
main_list:42,inspired_collection,Prada Candy,Inspired by Prada Candy,inspired-by-prada-candy,listing_title_recorded,Prada,Candy family,india_counsel_pending,,,
main_list:43,inspired_collection,Tom Ford Vanilla Fatale,Inspired by Tom Ford Vanille Fatale,inspired-by-tom-ford-vanille-fatale,listing_title_recorded,Tom Ford,Vanille Fatale,india_counsel_pending,,,
main_list:44,inspired_collection,Black Orchid,Inspired by Tom Ford Black Orchid,inspired-by-tom-ford-black-orchid,listing_title_recorded,Tom Ford,Black Orchid family,india_counsel_pending,,,
main_list:45,inspired_collection,Dior Homme Intense,Inspired by Dior Homme Intense,inspired-by-dior-homme-intense,listing_title_recorded,Dior,Dior Homme Intense,india_counsel_pending,,,
main_list:46,inspired_collection,Delina,Inspired by Parfums de Marly Delina,inspired-by-parfums-de-marly-delina,listing_title_recorded,Parfums de Marly,Delina family,india_counsel_pending,,,
main_list:48,inspired_collection,One Million Elixir,Inspired by Rabanne 1 Million Elixir,inspired-by-rabanne-1-million-elixir,listing_title_recorded,Rabanne,1 Million Elixir,india_counsel_pending,,,
main_list:49,inspired_collection,Narciso For Her,Inspired by Narciso Rodriguez for Her,inspired-by-narciso-rodriguez-for-her,listing_title_recorded,Narciso Rodriguez,for Her family,india_counsel_pending,,,
main_list:52,inspired_collection,Good Girl,Inspired by Carolina Herrera Good Girl,inspired-by-carolina-herrera-good-girl,listing_title_recorded,Carolina Herrera,Good Girl family,india_counsel_pending,,,
main_list:53,inspired_collection,Black Opium,Inspired by Yves Saint Laurent Black Opium,inspired-by-yves-saint-laurent-black-opium,listing_title_recorded,Yves Saint Laurent,Black Opium family,india_counsel_pending,,,
main_list:55,inspired_collection,Terre d'Hermes,Inspired by Hermès Terre d'Hermès,inspired-by-hermes-terre-dhermes,listing_title_recorded,Hermès,Terre d'Hermès family,india_counsel_pending,,,
main_list:58,inspired_collection,Tom Ford Tobacco Vanille,Inspired by Tom Ford Tobacco Vanille,inspired-by-tom-ford-tobacco-vanille,listing_title_recorded,Tom Ford,Tobacco Vanille,india_counsel_pending,,,
main_list:59,inspired_collection,VS Bombshell,Inspired by Victoria's Secret Bombshell,inspired-by-victorias-secret-bombshell,listing_title_recorded,Victoria's Secret,Bombshell family,india_counsel_pending,,,
main_list:60,inspired_collection,Bvlgari Man In Black,Inspired by Bvlgari Man in Black,inspired-by-bvlgari-man-in-black,listing_title_recorded,Bvlgari,Man in Black family,india_counsel_pending,,,
main_list:62,inspired_collection,Ombre Leather,Inspired by Tom Ford Ombré Leather,inspired-by-tom-ford-ombre-leather,listing_title_recorded,Tom Ford,Ombré Leather family,india_counsel_pending,,,
main_list:69,inspired_collection,Ameer Al Oud,Inspired by Lattafa Ameer Al Oudh,inspired-by-lattafa-ameer-al-oudh,listing_title_recorded,Lattafa,Ameer Al Oudh family,india_counsel_pending,,,
main_list:71,inspired_collection,Gucci Guilty,Inspired by Gucci Guilty,inspired-by-gucci-guilty,listing_title_recorded,Gucci,Guilty family,india_counsel_pending,,,
main_list:72,inspired_collection,Yara Candy,Inspired by Lattafa Yara Candy,inspired-by-lattafa-yara-candy,listing_title_recorded,Lattafa,Yara Candy,india_counsel_pending,,,
main_list:74,inspired_collection,Khamra,Inspired by Lattafa Khamrah,inspired-by-lattafa-khamrah,listing_title_recorded,Lattafa,Khamrah,india_counsel_pending,,,
main_list:78,inspired_collection,Bin Shaikh,Inspired by Ahmed Al Maghribi Bin Shaikh,inspired-by-ahmed-al-maghribi-bin-shaikh,listing_title_recorded,Ahmed Al Maghribi,Bin Shaikh,india_counsel_pending,,,
main_list:81,inspired_collection,Wisal,Inspired by Ajmal Wisal,inspired-by-ajmal-wisal,listing_title_recorded,Ajmal,Wisal,india_counsel_pending,,,
signature_series:1,signature_series,Regent Noir,Regent Noir,regent-noir,owner_approved,,,trademark_clearance_pending,,,
signature_series:2,signature_series,Velour Venom,Velour Venom,velour-venom,owner_approved,,,trademark_clearance_pending,,,
signature_series:3,signature_series,Serpenti Noir,Serpenti Noir,serpenti-noir,owner_approved,,,trademark_clearance_pending,,,
signature_series:4,signature_series,Kingdom Elixir,Kingdom Elixir,kingdom-elixir,owner_approved,,,trademark_clearance_pending,,,
signature_series:5,signature_series,Azure Tides,Azure Tides,azure-tides,owner_approved,,,trademark_clearance_pending,,,
signature_series:6,signature_series,Crimson Elixir,Crimson Elixir,crimson-elixir,owner_approved,,,trademark_clearance_pending,,,
signature_series:7,signature_series,Eternal Athena,Eternal Athena,eternal-athena,owner_approved,,,trademark_clearance_pending,,,
signature_series:8,signature_series,Blush Petal,Blush Petal,blush-petal,owner_approved,,,trademark_clearance_pending,,,
signature_series:9,signature_series,Sahara Bloom,Sahara Bloom,sahara-bloom,owner_approved,,,trademark_clearance_pending,,,
signature_series:10,signature_series,Zavan Prestige,Zavan Prestige,zavan-prestige,owner_approved,,,trademark_clearance_pending,,,
signature_series:11,signature_series,Smoked Crimson,Smoked Crimson,smoked-crimson,owner_approved,,,trademark_clearance_pending,,,
signature_series:12,signature_series,Desert Crown Oud,Desert Crown Oud,desert-crown-oud,owner_approved,,,trademark_clearance_pending,,,
signature_series:13,signature_series,Oud of Duraj,Oud of Duraj,oud-of-duraj,owner_approved,,,trademark_clearance_pending,,,
signature_series:14,signature_series,Royal Stablor,Royal Stablor,royal-stablor,owner_approved,,,trademark_clearance_pending,,,
signature_series:15,signature_series,Mbgamare,Mbgamare,mbgamare,owner_approved,,,trademark_clearance_pending,,,
signature_series:16,signature_series,Velvet Petal,Velvet Petal,velvet-petal,owner_approved,,,trademark_clearance_pending,,,
signature_series:17,signature_series,Rouge Lumina,Rouge Lumina,rouge-lumina,owner_approved,,,trademark_clearance_pending,,,
signature_series:18,signature_series,Petalia Noir,Petalia Noir,petalia-noir,owner_approved,,,trademark_clearance_pending,,,
signature_series:19,signature_series,Rose Valerio,Rose Valerio,rose-valerio,owner_approved,,,trademark_clearance_pending,,,
signature_series:20,signature_series,Celestial Ember,Celestial Ember,celestial-ember,owner_approved,,,trademark_clearance_pending,,,
signature_series:21,signature_series,Visionnaire,Visionnaire,visionnaire,owner_approved,,,trademark_clearance_pending,,,
